vehicle,category,flow,pass,failure_reason,warning,wheel_count,tire_count,bolt_pattern,min_diameter,max_diameter,sizes_searched,fitment_source
"2024 Ford F-150 XLT","half-ton","standard-fitment","PASS","","","24","","6x135","","","","dbFirst"
"2024 Ford F-150 XLT","half-ton","standard-tires","PASS","","","","100","","","","",""
"2024 Ford F-150 XLT","half-ton","package","PASS","","","","","","","","",""
"2024 Ford F-150 XLT","half-ton","lifted-2in","PASS","","","","100","","33","33","275/60R20",""
"2024 Ford F-150 XLT","half-ton","lifted-4in","PASS","","","","17","","34","35","35x12.50R20",""
"2024 Ford F-150 XLT","half-ton","lifted-6in","PASS","","","","34","","35","37","35x12.50R20 | 37x12.50R20",""
"2024 Ford F-150 XLT","half-ton","lifted-8in","PASS","","","","34","","35","37","35x12.50R20 | 37x12.50R20",""
"2023 Ford F-150 Lariat","half-ton","standard-fitment","PASS","","","24","","6x135","","","","dbFirst"
"2023 Ford F-150 Lariat","half-ton","standard-tires","PASS","","","","100","","","","",""
"2023 Ford F-150 Lariat","half-ton","package","PASS","","","","","","","","",""
"2023 Ford F-150 Lariat","half-ton","lifted-2in","PASS","","","","100","","33","33","275/60R20",""
"2023 Ford F-150 Lariat","half-ton","lifted-4in","PASS","","","","17","","34","35","35x12.50R20",""
"2023 Ford F-150 Lariat","half-ton","lifted-6in","PASS","","","","34","","35","37","35x12.50R20 | 37x12.50R20",""
"2023 Ford F-150 Lariat","half-ton","lifted-8in","PASS","","","","34","","35","37","35x12.50R20 | 37x12.50R20",""
"2022 Ford F-150 Raptor","half-ton","standard-fitment","PASS","","","24","","6x135","","","","dbFirst"
"2022 Ford F-150 Raptor","half-ton","standard-tires","PASS","","","","100","","","","",""
"2022 Ford F-150 Raptor","half-ton","package","PASS","","","","","","","","",""
"2022 Ford F-150 Raptor","half-ton","lifted-2in","PASS","","","","100","","33","33","275/60R20",""
"2022 Ford F-150 Raptor","half-ton","lifted-4in","PASS","","","","17","","34","35","35x12.50R20",""
"2022 Ford F-150 Raptor","half-ton","lifted-6in","PASS","","","","34","","35","37","35x12.50R20 | 37x12.50R20",""
"2022 Ford F-150 Raptor","half-ton","lifted-8in","PASS","","","","34","","35","37","35x12.50R20 | 37x12.50R20",""
"2021 Ford F-150 Platinum","half-ton","standard-fitment","PASS","","","24","","6x135","","","","dbFirst"
"2021 Ford F-150 Platinum","half-ton","standard-tires","PASS","","","","100","","","","",""
"2021 Ford F-150 Platinum","half-ton","package","PASS","","","","","","","","",""
"2021 Ford F-150 Platinum","half-ton","lifted-2in","PASS","","","","100","","33","33","275/60R20",""
"2021 Ford F-150 Platinum","half-ton","lifted-4in","PASS","","","","17","","34","35","35x12.50R20",""
"2021 Ford F-150 Platinum","half-ton","lifted-6in","PASS","","","","34","","35","37","35x12.50R20 | 37x12.50R20",""
"2021 Ford F-150 Platinum","half-ton","lifted-8in","PASS","","","","34","","35","37","35x12.50R20 | 37x12.50R20",""
"2020 Ford F-150 King Ranch","half-ton","standard-fitment","PASS","","","24","","6x135","","","","dbFirst"
"2020 Ford F-150 King Ranch","half-ton","standard-tires","PASS","","","","100","","","","",""
"2020 Ford F-150 King Ranch","half-ton","package","PASS","","No package recommendations returned","","","","","","",""
"2020 Ford F-150 King Ranch","half-ton","lifted-2in","PASS","","","","100","","33","33","275/60R20",""
"2020 Ford F-150 King Ranch","half-ton","lifted-4in","PASS","","","","17","","34","35","35x12.50R20",""
"2020 Ford F-150 King Ranch","half-ton","lifted-6in","PASS","","","","34","","35","37","35x12.50R20 | 37x12.50R20",""
"2020 Ford F-150 King Ranch","half-ton","lifted-8in","PASS","","","","34","","35","37","35x12.50R20 | 37x12.50R20",""
"2024 Chevrolet Silverado 1500 LT","half-ton","standard-fitment","PASS","","","24","","6x139.7","","","","dbFirst"
"2024 Chevrolet Silverado 1500 LT","half-ton","standard-tires","PASS","","","","100","","","","",""
"2024 Chevrolet Silverado 1500 LT","half-ton","package","PASS","","","","","","","","",""
"2024 Chevrolet Silverado 1500 LT","half-ton","lifted-2in","PASS","","","","100","","33","33","275/60R20",""
"2024 Chevrolet Silverado 1500 LT","half-ton","lifted-4in","FAIL","Tire size 33x12.50R20 (33") below min 34" for half-ton 4" lift; Tire size 295/55R20 (33") below min 34" for half-ton 4" lift; Tire size 305/55R20 (33") below min 34" for half-ton 4" lift","","","100","","34","35","33x12.50R20 | 295/55R20 | 305/55R20",""
"2024 Chevrolet Silverado 1500 LT","half-ton","lifted-6in","PASS","","","","34","","35","37","35x12.50R20 | 37x12.50R20",""
"2024 Chevrolet Silverado 1500 LT","half-ton","lifted-8in","PASS","","","","34","","35","37","35x12.50R20 | 37x12.50R20",""
"2023 Chevrolet Silverado 1500 RST","half-ton","standard-fitment","PASS","","","24","","6x139.7","","","","dbFirst"
"2023 Chevrolet Silverado 1500 RST","half-ton","standard-tires","PASS","","","","100","","","","",""
"2023 Chevrolet Silverado 1500 RST","half-ton","package","PASS","","","","","","","","",""
"2023 Chevrolet Silverado 1500 RST","half-ton","lifted-2in","PASS","","","","100","","33","33","275/60R20",""
"2023 Chevrolet Silverado 1500 RST","half-ton","lifted-4in","FAIL","Tire size 33x12.50R20 (33") below min 34" for half-ton 4" lift; Tire size 295/55R20 (33") below min 34" for half-ton 4" lift; Tire size 305/55R20 (33") below min 34" for half-ton 4" lift","","","100","","34","35","33x12.50R20 | 295/55R20 | 305/55R20",""
"2023 Chevrolet Silverado 1500 RST","half-ton","lifted-6in","PASS","","","","34","","35","37","35x12.50R20 | 37x12.50R20",""
"2023 Chevrolet Silverado 1500 RST","half-ton","lifted-8in","PASS","","","","34","","35","37","35x12.50R20 | 37x12.50R20",""
"2022 Chevrolet Silverado 1500 Trail Boss","half-ton","standard-fitment","FAIL","No wheel results for standard fitment","","","","","","","","unknown"
"2022 Chevrolet Silverado 1500 Trail Boss","half-ton","standard-tires","PASS","","","","100","","","","",""
"2022 Chevrolet Silverado 1500 Trail Boss","half-ton","package","PASS","","","","","","","","",""
"2022 Chevrolet Silverado 1500 Trail Boss","half-ton","lifted-2in","PASS","","","","100","","33","33","275/60R20",""
"2022 Chevrolet Silverado 1500 Trail Boss","half-ton","lifted-4in","FAIL","Tire size 33x12.50R20 (33") below min 34" for half-ton 4" lift; Tire size 295/55R20 (33") below min 34" for half-ton 4" lift; Tire size 305/55R20 (33") below min 34" for half-ton 4" lift","","","100","","34","35","33x12.50R20 | 295/55R20 | 305/55R20",""
"2022 Chevrolet Silverado 1500 Trail Boss","half-ton","lifted-6in","PASS","","","","34","","35","37","35x12.50R20 | 37x12.50R20",""
"2022 Chevrolet Silverado 1500 Trail Boss","half-ton","lifted-8in","PASS","","","","34","","35","37","35x12.50R20 | 37x12.50R20",""
"2021 Chevrolet Silverado 1500 High Country","half-ton","standard-fitment","PASS","","","24","","6x139.7","","","","dbFirst"
"2021 Chevrolet Silverado 1500 High Country","half-ton","standard-tires","PASS","","","","100","","","","",""
"2021 Chevrolet Silverado 1500 High Country","half-ton","package","PASS","","","","","","","","",""
"2021 Chevrolet Silverado 1500 High Country","half-ton","lifted-2in","PASS","","","","100","","33","33","275/60R20",""
"2021 Chevrolet Silverado 1500 High Country","half-ton","lifted-4in","FAIL","Tire size 33x12.50R20 (33") below min 34" for half-ton 4" lift; Tire size 295/55R20 (33") below min 34" for half-ton 4" lift; Tire size 305/55R20 (33") below min 34" for half-ton 4" lift","","","100","","34","35","33x12.50R20 | 295/55R20 | 305/55R20",""
"2021 Chevrolet Silverado 1500 High Country","half-ton","lifted-6in","PASS","","","","34","","35","37","35x12.50R20 | 37x12.50R20",""
"2021 Chevrolet Silverado 1500 High Country","half-ton","lifted-8in","PASS","","","","34","","35","37","35x12.50R20 | 37x12.50R20",""
"2024 GMC Sierra 1500 SLT","half-ton","standard-fitment","PASS","","","24","","6x139.7","","","","dbFirst"
"2024 GMC Sierra 1500 SLT","half-ton","standard-tires","PASS","","","","100","","","","",""
"2024 GMC Sierra 1500 SLT","half-ton","package","PASS","","","","","","","","",""
"2024 GMC Sierra 1500 SLT","half-ton","lifted-2in","PASS","","","","100","","33","33","275/60R20",""
"2024 GMC Sierra 1500 SLT","half-ton","lifted-4in","FAIL","Tire size 33x12.50R20 (33") below min 34" for half-ton 4" lift; Tire size 295/55R20 (33") below min 34" for half-ton 4" lift; Tire size 305/55R20 (33") below min 34" for half-ton 4" lift","","","100","","34","35","33x12.50R20 | 295/55R20 | 305/55R20",""
"2024 GMC Sierra 1500 SLT","half-ton","lifted-6in","PASS","","","","34","","35","37","35x12.50R20 | 37x12.50R20",""
"2024 GMC Sierra 1500 SLT","half-ton","lifted-8in","PASS","","","","34","","35","37","35x12.50R20 | 37x12.50R20",""
"2023 GMC Sierra 1500 AT4","half-ton","standard-fitment","PASS","","","24","","6x139.7","","","","dbFirst"
"2023 GMC Sierra 1500 AT4","half-ton","standard-tires","PASS","","","","100","","","","",""
"2023 GMC Sierra 1500 AT4","half-ton","package","PASS","","","","","","","","",""
"2023 GMC Sierra 1500 AT4","half-ton","lifted-2in","PASS","","","","100","","33","33","275/60R20",""
"2023 GMC Sierra 1500 AT4","half-ton","lifted-4in","FAIL","Tire size 33x12.50R20 (33") below min 34" for half-ton 4" lift; Tire size 295/55R20 (33") below min 34" for half-ton 4" lift; Tire size 305/55R20 (33") below min 34" for half-ton 4" lift","","","100","","34","35","33x12.50R20 | 295/55R20 | 305/55R20",""
"2023 GMC Sierra 1500 AT4","half-ton","lifted-6in","PASS","","","","34","","35","37","35x12.50R20 | 37x12.50R20",""
"2023 GMC Sierra 1500 AT4","half-ton","lifted-8in","PASS","","","","34","","35","37","35x12.50R20 | 37x12.50R20",""
"2022 GMC Sierra 1500 Denali","half-ton","standard-fitment","PASS","","","24","","6x139.7","","","","dbFirst"
"2022 GMC Sierra 1500 Denali","half-ton","standard-tires","PASS","","","","100","","","","",""
"2022 GMC Sierra 1500 Denali","half-ton","package","PASS","","","","","","","","",""
"2022 GMC Sierra 1500 Denali","half-ton","lifted-2in","PASS","","","","100","","33","33","275/60R20",""
"2022 GMC Sierra 1500 Denali","half-ton","lifted-4in","FAIL","Tire size 33x12.50R20 (33") below min 34" for half-ton 4" lift; Tire size 295/55R20 (33") below min 34" for half-ton 4" lift; Tire size 305/55R20 (33") below min 34" for half-ton 4" lift","","","100","","34","35","33x12.50R20 | 295/55R20 | 305/55R20",""
"2022 GMC Sierra 1500 Denali","half-ton","lifted-6in","PASS","","","","34","","35","37","35x12.50R20 | 37x12.50R20",""
"2022 GMC Sierra 1500 Denali","half-ton","lifted-8in","PASS","","","","34","","35","37","35x12.50R20 | 37x12.50R20",""
"2024 Ram 1500 Big Horn","half-ton","standard-fitment","PASS","","","24","","6x139.7","","","","dbFirst"
"2024 Ram 1500 Big Horn","half-ton","standard-tires","PASS","","","","100","","","","",""
"2024 Ram 1500 Big Horn","half-ton","package","PASS","","No package recommendations returned","","","","","","",""
"2024 Ram 1500 Big Horn","half-ton","lifted-2in","PASS","","","","100","","33","33","275/60R20",""
"2024 Ram 1500 Big Horn","half-ton","lifted-4in","PASS","","","","17","","34","35","35x12.50R20",""
"2024 Ram 1500 Big Horn","half-ton","lifted-6in","PASS","","","","34","","35","37","35x12.50R20 | 37x12.50R20",""
"2024 Ram 1500 Big Horn","half-ton","lifted-8in","PASS","","","","34","","35","37","35x12.50R20 | 37x12.50R20",""
"2023 Ram 1500 Laramie","half-ton","standard-fitment","PASS","","","24","","6x139.7","","","","dbFirst"
"2023 Ram 1500 Laramie","half-ton","standard-tires","PASS","","","","100","","","","",""
"2023 Ram 1500 Laramie","half-ton","package","PASS","","No package recommendations returned","","","","","","",""
"2023 Ram 1500 Laramie","half-ton","lifted-2in","PASS","","","","100","","33","33","275/60R20",""
"2023 Ram 1500 Laramie","half-ton","lifted-4in","PASS","","","","17","","34","35","35x12.50R20",""
"2023 Ram 1500 Laramie","half-ton","lifted-6in","PASS","","","","34","","35","37","35x12.50R20 | 37x12.50R20",""
"2023 Ram 1500 Laramie","half-ton","lifted-8in","PASS","","","","34","","35","37","35x12.50R20 | 37x12.50R20",""
"2022 Ram 1500 Rebel","half-ton","standard-fitment","PASS","","","24","","6x139.7","","","","dbFirst"
"2022 Ram 1500 Rebel","half-ton","standard-tires","PASS","","","","100","","","","",""
"2022 Ram 1500 Rebel","half-ton","package","PASS","","No package recommendations returned","","","","","","",""
"2022 Ram 1500 Rebel","half-ton","lifted-2in","PASS","","","","100","","33","33","275/60R20",""
"2022 Ram 1500 Rebel","half-ton","lifted-4in","PASS","","","","17","","34","35","35x12.50R20",""
"2022 Ram 1500 Rebel","half-ton","lifted-6in","PASS","","","","34","","35","37","35x12.50R20 | 37x12.50R20",""
"2022 Ram 1500 Rebel","half-ton","lifted-8in","PASS","","","","34","","35","37","35x12.50R20 | 37x12.50R20",""
"2021 Ram 1500 Limited","half-ton","standard-fitment","PASS","","","24","","6x139.7","","","","dbFirst"
"2021 Ram 1500 Limited","half-ton","standard-tires","PASS","","","","100","","","","",""
"2021 Ram 1500 Limited","half-ton","package","PASS","","No package recommendations returned","","","","","","",""
"2021 Ram 1500 Limited","half-ton","lifted-2in","PASS","","","","100","","33","33","275/60R20",""
"2021 Ram 1500 Limited","half-ton","lifted-4in","PASS","","","","17","","34","35","35x12.50R20",""
"2021 Ram 1500 Limited","half-ton","lifted-6in","PASS","","","","34","","35","37","35x12.50R20 | 37x12.50R20",""
"2021 Ram 1500 Limited","half-ton","lifted-8in","PASS","","","","34","","35","37","35x12.50R20 | 37x12.50R20",""
"2024 Toyota Tundra SR5","half-ton","standard-fitment","PASS","","","24","","6x139.7","","","","dbFirst"
"2024 Toyota Tundra SR5","half-ton","standard-tires","PASS","","","","100","","","","",""
"2024 Toyota Tundra SR5","half-ton","package","PASS","","","","","","","","",""
"2024 Toyota Tundra SR5","half-ton","lifted-2in","PASS","","","","100","","33","33","275/60R20",""
"2024 Toyota Tundra SR5","half-ton","lifted-4in","FAIL","Tire size 33x12.50R20 (33") below min 34" for half-ton 4" lift","","","17","","34","35","33x12.50R20",""
"2024 Toyota Tundra SR5","half-ton","lifted-6in","PASS","","","","17","","35","37","35x12.50R20",""
"2024 Toyota Tundra SR5","half-ton","lifted-8in","PASS","","","","17","","35","37","35x12.50R20",""
"2023 Toyota Tundra Limited","half-ton","standard-fitment","PASS","","","24","","6x139.7","","","","dbFirst"
"2023 Toyota Tundra Limited","half-ton","standard-tires","PASS","","","","100","","","","",""
"2023 Toyota Tundra Limited","half-ton","package","PASS","","","","","","","","",""
"2023 Toyota Tundra Limited","half-ton","lifted-2in","PASS","","","","100","","33","33","275/60R20",""
"2023 Toyota Tundra Limited","half-ton","lifted-4in","FAIL","Tire size 33x12.50R20 (33") below min 34" for half-ton 4" lift","","","17","","34","35","33x12.50R20",""
"2023 Toyota Tundra Limited","half-ton","lifted-6in","PASS","","","","17","","35","37","35x12.50R20",""
"2023 Toyota Tundra Limited","half-ton","lifted-8in","PASS","","","","17","","35","37","35x12.50R20",""
"2022 Toyota Tundra TRD Pro","half-ton","standard-fitment","PASS","","","24","","6x139.7","","","","dbFirst"
"2022 Toyota Tundra TRD Pro","half-ton","standard-tires","PASS","","","","100","","","","",""
"2022 Toyota Tundra TRD Pro","half-ton","package","PASS","","","","","","","","",""
"2022 Toyota Tundra TRD Pro","half-ton","lifted-2in","PASS","","","","100","","33","33","275/60R20",""
"2022 Toyota Tundra TRD Pro","half-ton","lifted-4in","FAIL","Tire size 33x12.50R20 (33") below min 34" for half-ton 4" lift","","","17","","34","35","33x12.50R20",""
"2022 Toyota Tundra TRD Pro","half-ton","lifted-6in","PASS","","","","17","","35","37","35x12.50R20",""
"2022 Toyota Tundra TRD Pro","half-ton","lifted-8in","PASS","","","","17","","35","37","35x12.50R20",""
"2024 Nissan Titan SV","half-ton","standard-fitment","PASS","","","24","","6x139.7","","","","dbFirst"
"2024 Nissan Titan SV","half-ton","standard-tires","PASS","","","","100","","","","",""
"2024 Nissan Titan SV","half-ton","package","PASS","","","","","","","","",""
"2024 Nissan Titan SV","half-ton","lifted-2in","PASS","","","","100","","33","33","275/60R20",""
"2024 Nissan Titan SV","half-ton","lifted-4in","PASS","","","","29","","34","35","35x12.50R20 | 35x13.50R20 | 34x12.50R20 | 34x13.50R20",""
"2024 Nissan Titan SV","half-ton","lifted-6in","PASS","","","","34","","35","37","35x12.50R20 | 37x12.50R20",""
"2024 Nissan Titan SV","half-ton","lifted-8in","PASS","","","","34","","35","37","35x12.50R20 | 37x12.50R20",""
"2023 Nissan Titan Pro-4X","half-ton","standard-fitment","PASS","","","24","","6x139.7","","","","dbFirst"
"2023 Nissan Titan Pro-4X","half-ton","standard-tires","PASS","","","","100","","","","",""
"2023 Nissan Titan Pro-4X","half-ton","package","PASS","","","","","","","","",""
"2023 Nissan Titan Pro-4X","half-ton","lifted-2in","PASS","","","","100","","33","33","275/60R20",""
"2023 Nissan Titan Pro-4X","half-ton","lifted-4in","PASS","","","","29","","34","35","35x12.50R20 | 35x13.50R20 | 34x12.50R20 | 34x13.50R20",""
"2023 Nissan Titan Pro-4X","half-ton","lifted-6in","PASS","","","","34","","35","37","35x12.50R20 | 37x12.50R20",""
"2023 Nissan Titan Pro-4X","half-ton","lifted-8in","PASS","","","","34","","35","37","35x12.50R20 | 37x12.50R20",""
"2019 Ford F-150 XL","half-ton","standard-fitment","PASS","","","24","","6x135","","","","dbFirst"
"2019 Ford F-150 XL","half-ton","standard-tires","PASS","","","","100","","","","",""
"2019 Ford F-150 XL","half-ton","package","PASS","","","","","","","","",""
"2019 Ford F-150 XL","half-ton","lifted-2in","PASS","","","","100","","33","33","275/60R20",""
"2019 Ford F-150 XL","half-ton","lifted-4in","PASS","","","","17","","34","35","35x12.50R20",""
"2019 Ford F-150 XL","half-ton","lifted-6in","PASS","","","","34","","35","37","35x12.50R20 | 37x12.50R20",""
"2019 Ford F-150 XL","half-ton","lifted-8in","PASS","","","","34","","35","37","35x12.50R20 | 37x12.50R20",""
"2018 Chevrolet Silverado 1500 WT","half-ton","standard-fitment","PASS","","","24","","6x139.7","","","","dbFirst"
"2018 Chevrolet Silverado 1500 WT","half-ton","standard-tires","PASS","","","","100","","","","",""
"2018 Chevrolet Silverado 1500 WT","half-ton","package","PASS","","","","","","","","",""
"2018 Chevrolet Silverado 1500 WT","half-ton","lifted-2in","PASS","","","","100","","33","33","275/60R20",""
"2018 Chevrolet Silverado 1500 WT","half-ton","lifted-4in","FAIL","Tire size 33x12.50R20 (33") below min 34" for half-ton 4" lift; Tire size 295/55R20 (33") below min 34" for half-ton 4" lift; Tire size 305/55R20 (33") below min 34" for half-ton 4" lift","","","100","","34","35","33x12.50R20 | 295/55R20 | 305/55R20",""
"2018 Chevrolet Silverado 1500 WT","half-ton","lifted-6in","PASS","","","","34","","35","37","35x12.50R20 | 37x12.50R20",""
"2018 Chevrolet Silverado 1500 WT","half-ton","lifted-8in","PASS","","","","34","","35","37","35x12.50R20 | 37x12.50R20",""
"2017 Ram 1500 Express","half-ton","standard-fitment","FAIL","Wrong bolt pattern: expected 6x139.7, got 5x139.7","","24","","5x139.7","","","","dbFirst"
"2017 Ram 1500 Express","half-ton","standard-tires","FAIL","No tire results for standard search","","","","","","","",""
"2017 Ram 1500 Express","half-ton","package","PASS","","","","","","","","",""
"2017 Ram 1500 Express","half-ton","lifted-2in","PASS","","","","100","","33","33","275/60R20",""
"2017 Ram 1500 Express","half-ton","lifted-4in","PASS","","","","17","","34","35","35x12.50R20",""
"2017 Ram 1500 Express","half-ton","lifted-6in","PASS","","","","34","","35","37","35x12.50R20 | 37x12.50R20",""
"2017 Ram 1500 Express","half-ton","lifted-8in","PASS","","","","34","","35","37","35x12.50R20 | 37x12.50R20",""
"2016 Toyota Tundra SR","half-ton","standard-fitment","FAIL","Wrong bolt pattern: expected 6x139.7, got 5x150","","24","","5x150","","","","dbFirst"
"2016 Toyota Tundra SR","half-ton","standard-tires","PASS","","","","100","","","","",""
"2016 Toyota Tundra SR","half-ton","package","PASS","","","","","","","","",""
"2016 Toyota Tundra SR","half-ton","lifted-2in","PASS","","","","100","","33","33","275/60R20",""
"2016 Toyota Tundra SR","half-ton","lifted-4in","FAIL","Tire size 33x12.50R20 (33") below min 34" for half-ton 4" lift","","","17","","34","35","33x12.50R20",""
"2016 Toyota Tundra SR","half-ton","lifted-6in","PASS","","","","17","","35","37","35x12.50R20",""
"2016 Toyota Tundra SR","half-ton","lifted-8in","PASS","","","","17","","35","37","35x12.50R20",""
"2024 Ford F-250 XLT","hd","standard-fitment","PASS","","","24","","8x170","","","","dbFirst"
"2024 Ford F-250 XLT","hd","standard-tires","PASS","","","","100","","","","",""
"2024 Ford F-250 XLT","hd","package","PASS","","","","","","","","",""
"2024 Ford F-250 XLT","hd","lifted-2in","PASS","","","","51","","35","35","285/65R20",""
"2024 Ford F-250 XLT","hd","lifted-4in","PASS","","","","17","","35","35","35x12.50R20",""
"2024 Ford F-250 XLT","hd","lifted-6in","PASS","","","","17","","37","37","37x12.50R20",""
"2024 Ford F-250 XLT","hd","lifted-8in","PASS","","","","17","","37","37","37x12.50R20",""
"2023 Ford F-250 Lariat","hd","standard-fitment","PASS","","","24","","8x170","","","","dbFirst"
"2023 Ford F-250 Lariat","hd","standard-tires","PASS","","","","100","","","","",""
"2023 Ford F-250 Lariat","hd","package","PASS","","","","","","","","",""
"2023 Ford F-250 Lariat","hd","lifted-2in","PASS","","","","51","","35","35","285/65R20",""
"2023 Ford F-250 Lariat","hd","lifted-4in","PASS","","","","17","","35","35","35x12.50R20",""
"2023 Ford F-250 Lariat","hd","lifted-6in","PASS","","","","17","","37","37","37x12.50R20",""
"2023 Ford F-250 Lariat","hd","lifted-8in","PASS","","","","17","","37","37","37x12.50R20",""
"2022 Ford F-350 King Ranch","hd","standard-fitment","PASS","","","24","","8x170","","","","dbFirst"
"2022 Ford F-350 King Ranch","hd","standard-tires","FAIL","No tire results for standard search","","","","","","","",""
"2022 Ford F-350 King Ranch","hd","package","PASS","","","","","","","","",""
"2022 Ford F-350 King Ranch","hd","lifted-2in","PASS","","","","51","","35","35","285/65R20",""
"2022 Ford F-350 King Ranch","hd","lifted-4in","PASS","","","","17","","35","35","35x12.50R20",""
"2022 Ford F-350 King Ranch","hd","lifted-6in","PASS","","","","17","","37","37","37x12.50R20",""
"2022 Ford F-350 King Ranch","hd","lifted-8in","PASS","","","","17","","37","37","37x12.50R20",""
"2021 Ford F-250 Platinum","hd","standard-fitment","PASS","","","24","","8x170","","","","dbFirst"
"2021 Ford F-250 Platinum","hd","standard-tires","FAIL","No tire results for standard search","","","","","","","",""
"2021 Ford F-250 Platinum","hd","package","PASS","","","","","","","","",""
"2021 Ford F-250 Platinum","hd","lifted-2in","PASS","","","","51","","35","35","285/65R20",""
"2021 Ford F-250 Platinum","hd","lifted-4in","PASS","","","","17","","35","35","35x12.50R20",""
"2021 Ford F-250 Platinum","hd","lifted-6in","PASS","","","","17","","37","37","37x12.50R20",""
"2021 Ford F-250 Platinum","hd","lifted-8in","PASS","","","","17","","37","37","37x12.50R20",""
"2024 Chevrolet Silverado 2500 HD LT","hd","standard-fitment","PASS","","","24","","8x180","","","","dbFirst"
"2024 Chevrolet Silverado 2500 HD LT","hd","standard-tires","FAIL","No tire results for standard search","","","","","","","",""
"2024 Chevrolet Silverado 2500 HD LT","hd","package","PASS","","","","","","","","",""
"2024 Chevrolet Silverado 2500 HD LT","hd","lifted-2in","PASS","","","","51","","35","35","285/65R20",""
"2024 Chevrolet Silverado 2500 HD LT","hd","lifted-4in","PASS","","","","17","","35","35","35x12.50R20",""
"2024 Chevrolet Silverado 2500 HD LT","hd","lifted-6in","PASS","","","","17","","37","37","37x12.50R20",""
"2024 Chevrolet Silverado 2500 HD LT","hd","lifted-8in","PASS","","","","17","","37","37","37x12.50R20",""
"2023 Chevrolet Silverado 2500 HD High Country","hd","standard-fitment","PASS","","","24","","8x180","","","","dbFirst"
"2023 Chevrolet Silverado 2500 HD High Country","hd","standard-tires","FAIL","No tire results for standard search","","","","","","","",""
"2023 Chevrolet Silverado 2500 HD High Country","hd","package","PASS","","","","","","","","",""
"2023 Chevrolet Silverado 2500 HD High Country","hd","lifted-2in","PASS","","","","51","","35","35","285/65R20",""
"2023 Chevrolet Silverado 2500 HD High Country","hd","lifted-4in","PASS","","","","17","","35","35","35x12.50R20",""
"2023 Chevrolet Silverado 2500 HD High Country","hd","lifted-6in","PASS","","","","17","","37","37","37x12.50R20",""
"2023 Chevrolet Silverado 2500 HD High Country","hd","lifted-8in","PASS","","","","17","","37","37","37x12.50R20",""
"2022 Chevrolet Silverado 3500 HD LTZ","hd","standard-fitment","PASS","","","24","","8x180","","","","dbFirst"
"2022 Chevrolet Silverado 3500 HD LTZ","hd","standard-tires","FAIL","No tire results for standard search","","","","","","","",""
"2022 Chevrolet Silverado 3500 HD LTZ","hd","package","PASS","","","","","","","","",""
"2022 Chevrolet Silverado 3500 HD LTZ","hd","lifted-2in","PASS","","","","51","","35","35","285/65R20",""
"2022 Chevrolet Silverado 3500 HD LTZ","hd","lifted-4in","PASS","","","","17","","35","35","35x12.50R20",""
"2022 Chevrolet Silverado 3500 HD LTZ","hd","lifted-6in","PASS","","","","17","","37","37","37x12.50R20",""
"2022 Chevrolet Silverado 3500 HD LTZ","hd","lifted-8in","PASS","","","","17","","37","37","37x12.50R20",""
"2024 GMC Sierra 2500 HD SLT","hd","standard-fitment","PASS","","","24","","8x180","","","","dbFirst"
"2024 GMC Sierra 2500 HD SLT","hd","standard-tires","FAIL","No tire results for standard search","","","","","","","",""
"2024 GMC Sierra 2500 HD SLT","hd","package","PASS","","","","","","","","",""
"2024 GMC Sierra 2500 HD SLT","hd","lifted-2in","PASS","","","","51","","35","35","285/65R20",""
"2024 GMC Sierra 2500 HD SLT","hd","lifted-4in","PASS","","","","17","","35","35","35x12.50R20",""
"2024 GMC Sierra 2500 HD SLT","hd","lifted-6in","PASS","","","","17","","37","37","37x12.50R20",""
"2024 GMC Sierra 2500 HD SLT","hd","lifted-8in","PASS","","","","17","","37","37","37x12.50R20",""
"2023 GMC Sierra 3500 HD Denali","hd","standard-fitment","PASS","","","24","","8x180","","","","dbFirst"
"2023 GMC Sierra 3500 HD Denali","hd","standard-tires","FAIL","No tire results for standard search","","","","","","","",""
"2023 GMC Sierra 3500 HD Denali","hd","package","PASS","","","","","","","","",""
"2023 GMC Sierra 3500 HD Denali","hd","lifted-2in","PASS","","","","51","","35","35","285/65R20",""
"2023 GMC Sierra 3500 HD Denali","hd","lifted-4in","PASS","","","","17","","35","35","35x12.50R20",""
"2023 GMC Sierra 3500 HD Denali","hd","lifted-6in","PASS","","","","17","","37","37","37x12.50R20",""
"2023 GMC Sierra 3500 HD Denali","hd","lifted-8in","PASS","","","","17","","37","37","37x12.50R20",""
"2024 Ram 2500 Big Horn","hd","standard-fitment","PASS","","","24","","8x165.1","","","","dbFirst"
"2024 Ram 2500 Big Horn","hd","standard-tires","PASS","","","","100","","","","",""
"2024 Ram 2500 Big Horn","hd","package","PASS","","","","","","","","",""
"2024 Ram 2500 Big Horn","hd","lifted-2in","PASS","","","","51","","35","35","285/65R20",""
"2024 Ram 2500 Big Horn","hd","lifted-4in","PASS","","","","17","","35","35","35x12.50R20",""
"2024 Ram 2500 Big Horn","hd","lifted-6in","PASS","","","","17","","37","37","37x12.50R20",""
"2024 Ram 2500 Big Horn","hd","lifted-8in","PASS","","","","17","","37","37","37x12.50R20",""
"2023 Ram 2500 Laramie","hd","standard-fitment","PASS","","","24","","8x165.1","","","","dbFirst"
"2023 Ram 2500 Laramie","hd","standard-tires","PASS","","","","100","","","","",""
"2023 Ram 2500 Laramie","hd","package","PASS","","","","","","","","",""
"2023 Ram 2500 Laramie","hd","lifted-2in","PASS","","","","51","","35","35","285/65R20",""
"2023 Ram 2500 Laramie","hd","lifted-4in","PASS","","","","17","","35","35","35x12.50R20",""
"2023 Ram 2500 Laramie","hd","lifted-6in","PASS","","","","17","","37","37","37x12.50R20",""
"2023 Ram 2500 Laramie","hd","lifted-8in","PASS","","","","17","","37","37","37x12.50R20",""
"2022 Ram 3500 Limited","hd","standard-fitment","PASS","","","24","","8x165.1","","","","dbFirst"
"2022 Ram 3500 Limited","hd","standard-tires","PASS","","","","100","","","","",""
"2022 Ram 3500 Limited","hd","package","PASS","","","","","","","","",""
"2022 Ram 3500 Limited","hd","lifted-2in","PASS","","","","51","","35","35","285/65R20",""
"2022 Ram 3500 Limited","hd","lifted-4in","PASS","","","","17","","35","35","35x12.50R20",""
"2022 Ram 3500 Limited","hd","lifted-6in","PASS","","","","17","","37","37","37x12.50R20",""
"2022 Ram 3500 Limited","hd","lifted-8in","PASS","","","","17","","37","37","37x12.50R20",""
"2012 Ford F-250 XLT","hd","standard-fitment","PASS","","","24","","8x170","","","","dbFirst"
"2012 Ford F-250 XLT","hd","standard-tires","FAIL","No tire results for standard search","","","","","","","",""
"2012 Ford F-250 XLT","hd","package","PASS","","","","","","","","",""
"2012 Ford F-250 XLT","hd","lifted-2in","PASS","","","","51","","35","35","285/65R20",""
"2012 Ford F-250 XLT","hd","lifted-4in","PASS","","","","17","","35","35","35x12.50R20",""
"2012 Ford F-250 XLT","hd","lifted-6in","PASS","","","","17","","37","37","37x12.50R20",""
"2012 Ford F-250 XLT","hd","lifted-8in","PASS","","","","17","","37","37","37x12.50R20",""
"2015 Chevrolet Silverado 2500 HD LT","hd","standard-fitment","PASS","","","24","","8x180","","","","dbFirst"
"2015 Chevrolet Silverado 2500 HD LT","hd","standard-tires","FAIL","No tire results for standard search","","","","","","","",""
"2015 Chevrolet Silverado 2500 HD LT","hd","package","PASS","","","","","","","","",""
"2015 Chevrolet Silverado 2500 HD LT","hd","lifted-2in","PASS","","","","51","","35","35","285/65R20",""
"2015 Chevrolet Silverado 2500 HD LT","hd","lifted-4in","PASS","","","","17","","35","35","35x12.50R20",""
"2015 Chevrolet Silverado 2500 HD LT","hd","lifted-6in","PASS","","","","17","","37","37","37x12.50R20",""
"2015 Chevrolet Silverado 2500 HD LT","hd","lifted-8in","PASS","","","","17","","37","37","37x12.50R20",""
"2018 Ram 2500 Tradesman","hd","standard-fitment","FAIL","No wheel results for standard fitment","","","","","","","","unknown"
"2018 Ram 2500 Tradesman","hd","standard-tires","PASS","","","","100","","","","",""
"2018 Ram 2500 Tradesman","hd","package","PASS","","","","","","","","",""
"2018 Ram 2500 Tradesman","hd","lifted-2in","PASS","","","","51","","35","35","285/65R20",""
"2018 Ram 2500 Tradesman","hd","lifted-4in","PASS","","","","17","","35","35","35x12.50R20",""
"2018 Ram 2500 Tradesman","hd","lifted-6in","PASS","","","","17","","37","37","37x12.50R20",""
"2018 Ram 2500 Tradesman","hd","lifted-8in","PASS","","","","17","","37","37","37x12.50R20",""
"2024 Toyota Tacoma TRD Sport","midsize","standard-fitment","PASS","","","24","","6x139.7","","","","dbFirst"
"2024 Toyota Tacoma TRD Sport","midsize","standard-tires","PASS","","","","100","","","","",""
"2024 Toyota Tacoma TRD Sport","midsize","package","PASS","","","","","","","","",""
"2024 Toyota Tacoma TRD Sport","midsize","lifted-2in","PASS","","","","21","","32","33","33x12.50R20 | 33x13.50R20 | 32x12.50R20 | 32x13.50R20",""
"2024 Toyota Tacoma TRD Sport","midsize","lifted-4in","PASS","","","","22","","33","34","33x12.50R20 | 33x13.50R20 | 34x12.50R20 | 34x13.50R20",""
"2024 Toyota Tacoma TRD Sport","midsize","lifted-6in","PASS","","","","28","","35","35","35x12.50R20 | 35x13.50R20",""
"2024 Toyota Tacoma TRD Sport","midsize","lifted-8in","PASS","","","","28","","35","35","35x12.50R20 | 35x13.50R20",""
"2023 Toyota Tacoma TRD Off-Road","midsize","standard-fitment","PASS","","","24","","6x139.7","","","","dbFirst"
"2023 Toyota Tacoma TRD Off-Road","midsize","standard-tires","PASS","","","","100","","","","",""
"2023 Toyota Tacoma TRD Off-Road","midsize","package","PASS","","","","","","","","",""
"2023 Toyota Tacoma TRD Off-Road","midsize","lifted-2in","PASS","","","","21","","32","33","33x12.50R20 | 33x13.50R20 | 32x12.50R20 | 32x13.50R20",""
"2023 Toyota Tacoma TRD Off-Road","midsize","lifted-4in","PASS","","","","22","","33","34","33x12.50R20 | 33x13.50R20 | 34x12.50R20 | 34x13.50R20",""
"2023 Toyota Tacoma TRD Off-Road","midsize","lifted-6in","PASS","","","","28","","35","35","35x12.50R20 | 35x13.50R20",""
"2023 Toyota Tacoma TRD Off-Road","midsize","lifted-8in","PASS","","","","28","","35","35","35x12.50R20 | 35x13.50R20",""
"2022 Toyota Tacoma TRD Pro","midsize","standard-fitment","PASS","","","24","","6x139.7","","","","dbFirst"
"2022 Toyota Tacoma TRD Pro","midsize","standard-tires","PASS","","","","100","","","","",""
"2022 Toyota Tacoma TRD Pro","midsize","package","PASS","","","","","","","","",""
"2022 Toyota Tacoma TRD Pro","midsize","lifted-2in","PASS","","","","21","","32","33","33x12.50R20 | 33x13.50R20 | 32x12.50R20 | 32x13.50R20",""
"2022 Toyota Tacoma TRD Pro","midsize","lifted-4in","PASS","","","","22","","33","34","33x12.50R20 | 33x13.50R20 | 34x12.50R20 | 34x13.50R20",""
"2022 Toyota Tacoma TRD Pro","midsize","lifted-6in","PASS","","","","28","","35","35","35x12.50R20 | 35x13.50R20",""
"2022 Toyota Tacoma TRD Pro","midsize","lifted-8in","PASS","","","","28","","35","35","35x12.50R20 | 35x13.50R20",""
"2024 Chevrolet Colorado LT","midsize","standard-fitment","PASS","","","24","","6x120","","","","dbFirst"
"2024 Chevrolet Colorado LT","midsize","standard-tires","PASS","","","","100","","","","",""
"2024 Chevrolet Colorado LT","midsize","package","PASS","","","","","","","","",""
"2024 Chevrolet Colorado LT","midsize","lifted-2in","PASS","","","","21","","32","33","33x12.50R20 | 33x13.50R20 | 32x12.50R20 | 32x13.50R20",""
"2024 Chevrolet Colorado LT","midsize","lifted-4in","PASS","","","","22","","33","34","33x12.50R20 | 33x13.50R20 | 34x12.50R20 | 34x13.50R20",""
"2024 Chevrolet Colorado LT","midsize","lifted-6in","PASS","","","","28","","35","35","35x12.50R20 | 35x13.50R20",""
"2024 Chevrolet Colorado LT","midsize","lifted-8in","PASS","","","","28","","35","35","35x12.50R20 | 35x13.50R20",""
"2023 Chevrolet Colorado ZR2","midsize","standard-fitment","PASS","","","24","","6x120","","","","dbFirst"
"2023 Chevrolet Colorado ZR2","midsize","standard-tires","PASS","","","","100","","","","",""
"2023 Chevrolet Colorado ZR2","midsize","package","PASS","","","","","","","","",""
"2023 Chevrolet Colorado ZR2","midsize","lifted-2in","PASS","","","","21","","32","33","33x12.50R20 | 33x13.50R20 | 32x12.50R20 | 32x13.50R20",""
"2023 Chevrolet Colorado ZR2","midsize","lifted-4in","PASS","","","","22","","33","34","33x12.50R20 | 33x13.50R20 | 34x12.50R20 | 34x13.50R20",""
"2023 Chevrolet Colorado ZR2","midsize","lifted-6in","PASS","","","","28","","35","35","35x12.50R20 | 35x13.50R20",""
"2023 Chevrolet Colorado ZR2","midsize","lifted-8in","PASS","","","","28","","35","35","35x12.50R20 | 35x13.50R20",""
"2024 GMC Canyon AT4","midsize","standard-fitment","PASS","","","24","","6x120","","","","dbFirst"
"2024 GMC Canyon AT4","midsize","standard-tires","FAIL","No tire results for standard search","","","","","","","",""
"2024 GMC Canyon AT4","midsize","package","PASS","","No package recommendations returned","","","","","","",""
"2024 GMC Canyon AT4","midsize","lifted-2in","PASS","","","","21","","32","33","33x12.50R20 | 33x13.50R20 | 32x12.50R20 | 32x13.50R20",""
"2024 GMC Canyon AT4","midsize","lifted-4in","PASS","","","","22","","33","34","33x12.50R20 | 33x13.50R20 | 34x12.50R20 | 34x13.50R20",""
"2024 GMC Canyon AT4","midsize","lifted-6in","PASS","","","","28","","35","35","35x12.50R20 | 35x13.50R20",""
"2024 GMC Canyon AT4","midsize","lifted-8in","PASS","","","","28","","35","35","35x12.50R20 | 35x13.50R20",""
"2024 Ford Ranger XLT","midsize","standard-fitment","PASS","","","24","","6x139.7","","","","dbFirst"
"2024 Ford Ranger XLT","midsize","standard-tires","PASS","","","","100","","","","",""
"2024 Ford Ranger XLT","midsize","package","PASS","","","","","","","","",""
"2024 Ford Ranger XLT","midsize","lifted-2in","PASS","","","","21","","32","33","33x12.50R20 | 33x13.50R20 | 32x12.50R20 | 32x13.50R20",""
"2024 Ford Ranger XLT","midsize","lifted-4in","PASS","","","","22","","33","34","33x12.50R20 | 33x13.50R20 | 34x12.50R20 | 34x13.50R20",""
"2024 Ford Ranger XLT","midsize","lifted-6in","PASS","","","","28","","35","35","35x12.50R20 | 35x13.50R20",""
"2024 Ford Ranger XLT","midsize","lifted-8in","PASS","","","","28","","35","35","35x12.50R20 | 35x13.50R20",""
"2023 Ford Ranger Lariat","midsize","standard-fitment","PASS","","","24","","6x139.7","","","","dbFirst"
"2023 Ford Ranger Lariat","midsize","standard-tires","PASS","","","","100","","","","",""
"2023 Ford Ranger Lariat","midsize","package","PASS","","","","","","","","",""
"2023 Ford Ranger Lariat","midsize","lifted-2in","PASS","","","","21","","32","33","33x12.50R20 | 33x13.50R20 | 32x12.50R20 | 32x13.50R20",""
"2023 Ford Ranger Lariat","midsize","lifted-4in","PASS","","","","22","","33","34","33x12.50R20 | 33x13.50R20 | 34x12.50R20 | 34x13.50R20",""
"2023 Ford Ranger Lariat","midsize","lifted-6in","PASS","","","","28","","35","35","35x12.50R20 | 35x13.50R20",""
"2023 Ford Ranger Lariat","midsize","lifted-8in","PASS","","","","28","","35","35","35x12.50R20 | 35x13.50R20",""
"2024 Nissan Frontier SV","midsize","standard-fitment","PASS","","","24","","6x114.3","","","","dbFirst"
"2024 Nissan Frontier SV","midsize","standard-tires","PASS","","","","100","","","","",""
"2024 Nissan Frontier SV","midsize","package","PASS","","","","","","","","",""
"2024 Nissan Frontier SV","midsize","lifted-2in","PASS","","","","21","","32","33","33x12.50R20 | 33x13.50R20 | 32x12.50R20 | 32x13.50R20",""
"2024 Nissan Frontier SV","midsize","lifted-4in","PASS","","","","22","","33","34","33x12.50R20 | 33x13.50R20 | 34x12.50R20 | 34x13.50R20",""
"2024 Nissan Frontier SV","midsize","lifted-6in","PASS","","","","28","","35","35","35x12.50R20 | 35x13.50R20",""
"2024 Nissan Frontier SV","midsize","lifted-8in","PASS","","","","28","","35","35","35x12.50R20 | 35x13.50R20",""
"2023 Nissan Frontier Pro-4X","midsize","standard-fitment","PASS","","","24","","6x114.3","","","","dbFirst"
"2023 Nissan Frontier Pro-4X","midsize","standard-tires","PASS","","","","100","","","","",""
"2023 Nissan Frontier Pro-4X","midsize","package","PASS","","","","","","","","",""
"2023 Nissan Frontier Pro-4X","midsize","lifted-2in","PASS","","","","21","","32","33","33x12.50R20 | 33x13.50R20 | 32x12.50R20 | 32x13.50R20",""
"2023 Nissan Frontier Pro-4X","midsize","lifted-4in","PASS","","","","22","","33","34","33x12.50R20 | 33x13.50R20 | 34x12.50R20 | 34x13.50R20",""
"2023 Nissan Frontier Pro-4X","midsize","lifted-6in","PASS","","","","28","","35","35","35x12.50R20 | 35x13.50R20",""
"2023 Nissan Frontier Pro-4X","midsize","lifted-8in","PASS","","","","28","","35","35","35x12.50R20 | 35x13.50R20",""
"2024 Jeep Gladiator Sport","midsize","standard-fitment","PASS","","","24","","5x127","","","","dbFirst"
"2024 Jeep Gladiator Sport","midsize","standard-tires","FAIL","No tire results for standard search","","","","","","","",""
"2024 Jeep Gladiator Sport","midsize","package","PASS","","","","","","","","",""
"2024 Jeep Gladiator Sport","midsize","lifted-2in","PASS","","","","21","","32","33","33x12.50R20 | 33x13.50R20 | 32x12.50R20 | 32x13.50R20",""
"2024 Jeep Gladiator Sport","midsize","lifted-4in","PASS","","","","22","","33","34","33x12.50R20 | 33x13.50R20 | 34x12.50R20 | 34x13.50R20",""
"2024 Jeep Gladiator Sport","midsize","lifted-6in","PASS","","","","28","","35","35","35x12.50R20 | 35x13.50R20",""
"2024 Jeep Gladiator Sport","midsize","lifted-8in","PASS","","","","28","","35","35","35x12.50R20 | 35x13.50R20",""
"2023 Jeep Gladiator Rubicon","midsize","standard-fitment","PASS","","","24","","5x127","","","","dbFirst"
"2023 Jeep Gladiator Rubicon","midsize","standard-tires","FAIL","No tire results for standard search","","","","","","","",""
"2023 Jeep Gladiator Rubicon","midsize","package","PASS","","","","","","","","",""
"2023 Jeep Gladiator Rubicon","midsize","lifted-2in","PASS","","","","21","","32","33","33x12.50R20 | 33x13.50R20 | 32x12.50R20 | 32x13.50R20",""
"2023 Jeep Gladiator Rubicon","midsize","lifted-4in","PASS","","","","22","","33","34","33x12.50R20 | 33x13.50R20 | 34x12.50R20 | 34x13.50R20",""
"2023 Jeep Gladiator Rubicon","midsize","lifted-6in","PASS","","","","28","","35","35","35x12.50R20 | 35x13.50R20",""
"2023 Jeep Gladiator Rubicon","midsize","lifted-8in","PASS","","","","28","","35","35","35x12.50R20 | 35x13.50R20",""
"2024 Toyota 4Runner SR5","midsize","standard-fitment","PASS","","","24","","6x139.7","","","","dbFirst"
"2024 Toyota 4Runner SR5","midsize","standard-tires","PASS","","","","100","","","","",""
"2024 Toyota 4Runner SR5","midsize","package","PASS","","","","","","","","",""
"2024 Toyota 4Runner SR5","midsize","lifted-2in","PASS","","","","21","","33","33","33x12.50R20 | 33x13.50R20",""
"2024 Toyota 4Runner SR5","midsize","lifted-4in","FAIL","Max diameter 35" exceeds expected 34" for midsize 4" lift; Tire size 35x12.50R20 (35") exceeds max 34" for midsize 4" lift; Tire size 35x13.50R20 (35") exceeds max 34" for midsize 4" lift","","","29","","34","35","35x12.50R20 | 35x13.50R20 | 34x12.50R20 | 34x13.50R20",""
"2024 Toyota 4Runner SR5","midsize","lifted-6in","FAIL","Max diameter 37" exceeds expected 35" for midsize 6" lift; Tire size 37x12.50R20 (37") exceeds max 35" for midsize 6" lift; Tire size 37x13.50R20 (37") exceeds max 35" for midsize 6" lift","","","62","","35","37","35x12.50R20 | 35x13.50R20 | 37x12.50R20 | 37x13.50R20",""
"2024 Toyota 4Runner SR5","midsize","lifted-8in","PASS","","","","62","","35","37","35x12.50R20 | 35x13.50R20 | 37x12.50R20 | 37x13.50R20",""
"2023 Toyota 4Runner TRD Pro","midsize","standard-fitment","PASS","","","24","","6x139.7","","","","dbFirst"
"2023 Toyota 4Runner TRD Pro","midsize","standard-tires","PASS","","","","100","","","","",""
"2023 Toyota 4Runner TRD Pro","midsize","package","PASS","","","","","","","","",""
"2023 Toyota 4Runner TRD Pro","midsize","lifted-2in","PASS","","","","21","","33","33","33x12.50R20 | 33x13.50R20",""
"2023 Toyota 4Runner TRD Pro","midsize","lifted-4in","FAIL","Max diameter 35" exceeds expected 34" for midsize 4" lift; Tire size 35x12.50R20 (35") exceeds max 34" for midsize 4" lift; Tire size 35x13.50R20 (35") exceeds max 34" for midsize 4" lift","","","29","","34","35","35x12.50R20 | 35x13.50R20 | 34x12.50R20 | 34x13.50R20",""
"2023 Toyota 4Runner TRD Pro","midsize","lifted-6in","FAIL","Max diameter 37" exceeds expected 35" for midsize 6" lift; Tire size 37x12.50R20 (37") exceeds max 35" for midsize 6" lift; Tire size 37x13.50R20 (37") exceeds max 35" for midsize 6" lift","","","62","","35","37","35x12.50R20 | 35x13.50R20 | 37x12.50R20 | 37x13.50R20",""
"2023 Toyota 4Runner TRD Pro","midsize","lifted-8in","PASS","","","","62","","35","37","35x12.50R20 | 35x13.50R20 | 37x12.50R20 | 37x13.50R20",""
"2024 Ford Bronco Big Bend","midsize","standard-fitment","PASS","","","24","","6x139.7","","","","dbFirst"
"2024 Ford Bronco Big Bend","midsize","standard-tires","PASS","","","","100","","","","",""
"2024 Ford Bronco Big Bend","midsize","package","PASS","","","","","","","","",""
"2024 Ford Bronco Big Bend","midsize","lifted-2in","PASS","","","","21","","33","33","33x12.50R20 | 33x13.50R20",""
"2024 Ford Bronco Big Bend","midsize","lifted-4in","FAIL","Max diameter 35" exceeds expected 34" for midsize 4" lift; Tire size 35x12.50R20 (35") exceeds max 34" for midsize 4" lift; Tire size 35x13.50R20 (35") exceeds max 34" for midsize 4" lift","","","29","","34","35","35x12.50R20 | 35x13.50R20 | 34x12.50R20 | 34x13.50R20",""
"2024 Ford Bronco Big Bend","midsize","lifted-6in","FAIL","Max diameter 37" exceeds expected 35" for midsize 6" lift; Tire size 37x12.50R20 (37") exceeds max 35" for midsize 6" lift; Tire size 37x13.50R20 (37") exceeds max 35" for midsize 6" lift","","","62","","35","37","35x12.50R20 | 35x13.50R20 | 37x12.50R20 | 37x13.50R20",""
"2024 Ford Bronco Big Bend","midsize","lifted-8in","PASS","","","","62","","35","37","35x12.50R20 | 35x13.50R20 | 37x12.50R20 | 37x13.50R20",""
"2024 Toyota Camry SE","car","standard-fitment","PASS","","","24","","5x114.3","","","","dbFirst"
"2024 Toyota Camry SE","car","standard-tires","PASS","","","","100","","","","",""
"2024 Toyota Camry SE","car","package","PASS","","","","","","","","",""
"2023 Toyota Camry XLE","car","standard-fitment","PASS","","","24","","5x114.3","","","","dbFirst"
"2023 Toyota Camry XLE","car","standard-tires","PASS","","","","100","","","","",""
"2023 Toyota Camry XLE","car","package","PASS","","","","","","","","",""
"2024 Honda Accord Sport","car","standard-fitment","PASS","","","24","","5x114.3","","","","dbFirst"
"2024 Honda Accord Sport","car","standard-tires","PASS","","","","100","","","","",""
"2024 Honda Accord Sport","car","package","PASS","","","","","","","","",""
"2023 Honda Civic Touring","car","standard-fitment","PASS","","","24","","5x114.3","","","","dbFirst"
"2023 Honda Civic Touring","car","standard-tires","PASS","","","","100","","","","",""
"2023 Honda Civic Touring","car","package","PASS","","","","","","","","",""
"2024 Nissan Altima SV","car","standard-fitment","PASS","","","24","","5x114.3","","","","dbFirst"
"2024 Nissan Altima SV","car","standard-tires","PASS","","","","100","","","","",""
"2024 Nissan Altima SV","car","package","PASS","","","","","","","","",""
"2024 Hyundai Sonata SEL","car","standard-fitment","PASS","","","24","","5x114.3","","","","dbFirst"
"2024 Hyundai Sonata SEL","car","standard-tires","PASS","","","","100","","","","",""
"2024 Hyundai Sonata SEL","car","package","PASS","","","","","","","","",""
"2024 Kia K5 GT-Line","car","standard-fitment","PASS","","","24","","5x114.3","","","","dbFirst"
"2024 Kia K5 GT-Line","car","standard-tires","PASS","","","","100","","","","",""
"2024 Kia K5 GT-Line","car","package","PASS","","","","","","","","",""
"2024 Mazda Mazda3 Premium","car","standard-fitment","PASS","","","24","","5x114.3","","","","dbFirst"
"2024 Mazda Mazda3 Premium","car","standard-tires","PASS","","","","22","","","","",""
"2024 Mazda Mazda3 Premium","car","package","PASS","","","","","","","","",""
"2024 Subaru Outback Premium","car","standard-fitment","PASS","","","24","","5x114.3","","","","dbFirst"
"2024 Subaru Outback Premium","car","standard-tires","PASS","","","","44","","","","",""
"2024 Subaru Outback Premium","car","package","PASS","","","","","","","","",""
"2024 Volkswagen Jetta SE","car","standard-fitment","PASS","","","24","","5x112","","","","dbFirst"
"2024 Volkswagen Jetta SE","car","standard-tires","PASS","","","","18","","","","",""
"2024 Volkswagen Jetta SE","car","package","PASS","","","","","","","","",""
"2024 Ford Fusion SE","car","standard-fitment","FAIL","No wheel results for standard fitment","","","","","","","","unknown"
"2024 Ford Fusion SE","car","standard-tires","FAIL","No tire results for standard search","","","","","","","",""
"2024 Ford Fusion SE","car","package","PASS","","No package recommendations returned","","","","","","",""
"2024 Chevrolet Malibu LT","car","standard-fitment","PASS","","","24","","5x115","","","","dbFirst"
"2024 Chevrolet Malibu LT","car","standard-tires","PASS","","","","100","","","","",""
"2024 Chevrolet Malibu LT","car","package","PASS","","","","","","","","",""
"2023 Toyota Corolla LE","car","standard-fitment","PASS","","","24","","5x114.3","","","","dbFirst"
"2023 Toyota Corolla LE","car","standard-tires","PASS","","","","30","","","","",""
"2023 Toyota Corolla LE","car","package","PASS","","","","","","","","",""
"2024 Honda CR-V EX","car","standard-fitment","PASS","","","24","","5x114.3","","","","dbFirst"
"2024 Honda CR-V EX","car","standard-tires","PASS","","","","51","","","","",""
"2024 Honda CR-V EX","car","package","PASS","","","","","","","","",""
"2024 Toyota RAV4 XLE","car","standard-fitment","PASS","","","24","","5x114.3","","","","dbFirst"
"2024 Toyota RAV4 XLE","car","standard-tires","PASS","","","","43","","","","",""
"2024 Toyota RAV4 XLE","car","package","PASS","","","","","","","","",""
"2024 Ford Mustang GT","staggered","standard-fitment","PASS","","","24","","5x114.3","","","","dbFirst"
"2024 Ford Mustang GT","staggered","standard-tires","PASS","","","","100","","","","",""
"2024 Ford Mustang GT","staggered","staggered","PASS","","Expected staggered but isStaggered flag not set","","","","","","",""
"2024 Ford Mustang GT","staggered","package","PASS","","","","","","","","",""
"2023 Ford Mustang GT Performance Pack","staggered","standard-fitment","PASS","","","24","","5x114.3","","","","dbFirst"
"2023 Ford Mustang GT Performance Pack","staggered","standard-tires","PASS","","","","3","","","","",""
"2023 Ford Mustang GT Performance Pack","staggered","staggered","PASS","","Expected staggered but isStaggered flag not set","","","","","","",""
"2023 Ford Mustang GT Performance Pack","staggered","package","PASS","","","","","","","","",""
"2022 Chevrolet Camaro SS","staggered","standard-fitment","PASS","","","24","","5x120","","","","dbFirst"
"2022 Chevrolet Camaro SS","staggered","standard-tires","PASS","","","","22","","","","",""
"2022 Chevrolet Camaro SS","staggered","staggered","PASS","","Expected staggered but isStaggered flag not set","","","","","","",""
"2022 Chevrolet Camaro SS","staggered","package","PASS","","","","","","","","",""
"2023 Chevrolet Camaro ZL1","staggered","standard-fitment","PASS","","","24","","5x120","","","","dbFirst"
"2023 Chevrolet Camaro ZL1","staggered","standard-tires","PASS","","","","22","","","","",""
"2023 Chevrolet Camaro ZL1","staggered","staggered","PASS","","Expected staggered but isStaggered flag not set","","","","","","",""
"2023 Chevrolet Camaro ZL1","staggered","package","PASS","","","","","","","","",""
"2024 Dodge Challenger R/T","staggered","standard-fitment","FAIL","No wheel results for standard fitment","","","","","","","","unknown"
"2024 Dodge Challenger R/T","staggered","standard-tires","FAIL","No tire results for standard search","","","","","","","",""
"2024 Dodge Challenger R/T","staggered","staggered","PASS","","Expected staggered but isStaggered flag not set","","","","","","",""
"2024 Dodge Challenger R/T","staggered","package","PASS","","","","","","","","",""
"2023 Dodge Challenger Hellcat","staggered","standard-fitment","FAIL","No wheel results for standard fitment","","","","","","","","unknown"
"2023 Dodge Challenger Hellcat","staggered","standard-tires","FAIL","No tire results for standard search","","","","","","","",""
"2023 Dodge Challenger Hellcat","staggered","staggered","PASS","","Expected staggered but isStaggered flag not set","","","","","","",""
"2023 Dodge Challenger Hellcat","staggered","package","PASS","","","","","","","","",""
"2024 BMW 3 Series 330i","staggered","standard-fitment","PASS","","","24","","5x112","","","","dbFirst"
"2024 BMW 3 Series 330i","staggered","standard-tires","FAIL","No tire results for standard search","","","","","","","",""
"2024 BMW 3 Series 330i","staggered","staggered","PASS","","Expected staggered but isStaggered flag not set","","","","","","",""
"2024 BMW 3 Series 330i","staggered","package","PASS","","No package recommendations returned","","","","","","",""
"2024 Mercedes-Benz C-Class C300","staggered","standard-fitment","PASS","","","24","","5x112","","","","dbFirst"
"2024 Mercedes-Benz C-Class C300","staggered","standard-tires","FAIL","No tire results for standard search","","","","","","","",""
"2024 Mercedes-Benz C-Class C300","staggered","staggered","PASS","","Expected staggered but isStaggered flag not set","","","","","","",""
"2024 Mercedes-Benz C-Class C300","staggered","package","PASS","","No package recommendations returned","","","","","","",""
"2024 Audi A4 Premium","staggered","standard-fitment","FAIL","No wheel results for standard fitment","","","","","","","","unknown"
"2024 Audi A4 Premium","staggered","standard-tires","PASS","","","","23","","","","",""
"2024 Audi A4 Premium","staggered","staggered","PASS","","Expected staggered but isStaggered flag not set","","","","","","",""
"2024 Audi A4 Premium","staggered","package","PASS","","","","","","","","",""
"2023 Chevrolet Corvette Stingray","staggered","standard-fitment","PASS","","","24","","5x120","","","","dbFirst"
"2023 Chevrolet Corvette Stingray","staggered","standard-tires","PASS","","","","100","","","","",""
"2023 Chevrolet Corvette Stingray","staggered","staggered","PASS","","Expected staggered but isStaggered flag not set","","","","","","",""
"2023 Chevrolet Corvette Stingray","staggered","package","PASS","","No package recommendations returned","","","","","","",""
"2024 Jeep Wrangler Sport","jeep","standard-fitment","PASS","","","24","","5x127","","","","dbFirst"
"2024 Jeep Wrangler Sport","jeep","standard-tires","PASS","","","","100","","","","",""
"2024 Jeep Wrangler Sport","jeep","package","PASS","","","","","","","","",""
"2024 Jeep Wrangler Sport","jeep","lifted-2in","PASS","","","","21","","33","33","33x12.50R20 | 33x13.50R20",""
"2024 Jeep Wrangler Sport","jeep","lifted-4in","PASS","","","","28","","35","35","35x12.50R20 | 35x13.50R20",""
"2024 Jeep Wrangler Sport","jeep","lifted-6in","PASS","","","","34","","37","37","37x12.50R20 | 37x13.50R20",""
"2024 Jeep Wrangler Sport","jeep","lifted-8in","PASS","","","","34","","37","37","37x12.50R20 | 37x13.50R20",""
"2023 Jeep Wrangler Sahara","jeep","standard-fitment","PASS","","","24","","5x127","","","","dbFirst"
"2023 Jeep Wrangler Sahara","jeep","standard-tires","PASS","","","","23","","","","",""
"2023 Jeep Wrangler Sahara","jeep","package","PASS","","","","","","","","",""
"2023 Jeep Wrangler Sahara","jeep","lifted-2in","PASS","","","","21","","33","33","33x12.50R20 | 33x13.50R20",""
"2023 Jeep Wrangler Sahara","jeep","lifted-4in","PASS","","","","28","","35","35","35x12.50R20 | 35x13.50R20",""
"2023 Jeep Wrangler Sahara","jeep","lifted-6in","PASS","","","","34","","37","37","37x12.50R20 | 37x13.50R20",""
"2023 Jeep Wrangler Sahara","jeep","lifted-8in","PASS","","","","34","","37","37","37x12.50R20 | 37x13.50R20",""
"2022 Jeep Wrangler Rubicon","jeep","standard-fitment","PASS","","","24","","5x127","","","","dbFirst"
"2022 Jeep Wrangler Rubicon","jeep","standard-tires","PASS","","","","23","","","","",""
"2022 Jeep Wrangler Rubicon","jeep","package","PASS","","","","","","","","",""
"2022 Jeep Wrangler Rubicon","jeep","lifted-2in","PASS","","","","21","","33","33","33x12.50R20 | 33x13.50R20",""
"2022 Jeep Wrangler Rubicon","jeep","lifted-4in","PASS","","","","28","","35","35","35x12.50R20 | 35x13.50R20",""
"2022 Jeep Wrangler Rubicon","jeep","lifted-6in","PASS","","","","34","","37","37","37x12.50R20 | 37x13.50R20",""
"2022 Jeep Wrangler Rubicon","jeep","lifted-8in","PASS","","","","34","","37","37","37x12.50R20 | 37x13.50R20",""
"2021 Jeep Wrangler Willys","jeep","standard-fitment","PASS","","","24","","5x127","","","","dbFirst"
"2021 Jeep Wrangler Willys","jeep","standard-tires","PASS","","","","100","","","","",""
"2021 Jeep Wrangler Willys","jeep","package","PASS","","","","","","","","",""
"2021 Jeep Wrangler Willys","jeep","lifted-2in","PASS","","","","21","","33","33","33x12.50R20 | 33x13.50R20",""
"2021 Jeep Wrangler Willys","jeep","lifted-4in","PASS","","","","28","","35","35","35x12.50R20 | 35x13.50R20",""
"2021 Jeep Wrangler Willys","jeep","lifted-6in","PASS","","","","34","","37","37","37x12.50R20 | 37x13.50R20",""
"2021 Jeep Wrangler Willys","jeep","lifted-8in","PASS","","","","34","","37","37","37x12.50R20 | 37x13.50R20",""
"2024 Jeep Wrangler 392","jeep","standard-fitment","FAIL","No wheel results for standard fitment","","","","","","","","unknown"
"2024 Jeep Wrangler 392","jeep","standard-tires","PASS","","","","100","","","","",""
"2024 Jeep Wrangler 392","jeep","package","PASS","","","","","","","","",""
"2024 Jeep Wrangler 392","jeep","lifted-2in","PASS","","","","21","","33","33","33x12.50R20 | 33x13.50R20",""
"2024 Jeep Wrangler 392","jeep","lifted-4in","PASS","","","","28","","35","35","35x12.50R20 | 35x13.50R20",""
"2024 Jeep Wrangler 392","jeep","lifted-6in","PASS","","","","34","","37","37","37x12.50R20 | 37x13.50R20",""
"2024 Jeep Wrangler 392","jeep","lifted-8in","PASS","","","","34","","37","37","37x12.50R20 | 37x13.50R20",""
"2020 Jeep Wrangler Sport S","jeep","standard-fitment","PASS","","","24","","5x127","","","","dbFirst"
"2020 Jeep Wrangler Sport S","jeep","standard-tires","PASS","","","","23","","","","",""
"2020 Jeep Wrangler Sport S","jeep","package","PASS","","","","","","","","",""
"2020 Jeep Wrangler Sport S","jeep","lifted-2in","PASS","","","","21","","33","33","33x12.50R20 | 33x13.50R20",""
"2020 Jeep Wrangler Sport S","jeep","lifted-4in","PASS","","","","28","","35","35","35x12.50R20 | 35x13.50R20",""
"2020 Jeep Wrangler Sport S","jeep","lifted-6in","PASS","","","","34","","37","37","37x12.50R20 | 37x13.50R20",""
"2020 Jeep Wrangler Sport S","jeep","lifted-8in","PASS","","","","34","","37","37","37x12.50R20 | 37x13.50R20",""
"2018 Jeep Wrangler JK Unlimited","jeep","standard-fitment","FAIL","No wheel results for standard fitment","","","","","","","","unknown"
"2018 Jeep Wrangler JK Unlimited","jeep","standard-tires","FAIL","No tire results for standard search","","","","","","","",""
"2018 Jeep Wrangler JK Unlimited","jeep","package","PASS","","No package recommendations returned","","","","","","",""
"2018 Jeep Wrangler JK Unlimited","jeep","lifted-2in","PASS","","","","21","","33","33","33x12.50R20 | 33x13.50R20",""
"2018 Jeep Wrangler JK Unlimited","jeep","lifted-4in","PASS","","","","28","","35","35","35x12.50R20 | 35x13.50R20",""
"2018 Jeep Wrangler JK Unlimited","jeep","lifted-6in","PASS","","","","34","","37","37","37x12.50R20 | 37x13.50R20",""
"2018 Jeep Wrangler JK Unlimited","jeep","lifted-8in","PASS","","","","34","","37","37","37x12.50R20 | 37x13.50R20",""
"2024 Ford Bronco Wildtrak","jeep","standard-fitment","PASS","","","24","","6x139.7","","","","dbFirst"
"2024 Ford Bronco Wildtrak","jeep","standard-tires","PASS","","","","100","","","","",""
"2024 Ford Bronco Wildtrak","jeep","package","PASS","","","","","","","","",""
"2024 Ford Bronco Wildtrak","jeep","lifted-2in","PASS","","","","21","","33","33","33x12.50R20 | 33x13.50R20",""
"2024 Ford Bronco Wildtrak","jeep","lifted-4in","FAIL","Tire size 34x12.50R20 (34") below min 35" for jeep 4" lift; Tire size 34x13.50R20 (34") below min 35" for jeep 4" lift","","","29","","34","35","35x12.50R20 | 35x13.50R20 | 34x12.50R20 | 34x13.50R20",""
"2024 Ford Bronco Wildtrak","jeep","lifted-6in","FAIL","Tire size 35x12.50R20 (35") below min 37" for jeep 6" lift; Tire size 35x13.50R20 (35") below min 37" for jeep 6" lift","","","62","","35","37","35x12.50R20 | 35x13.50R20 | 37x12.50R20 | 37x13.50R20",""
"2024 Ford Bronco Wildtrak","jeep","lifted-8in","FAIL","Tire size 35x12.50R20 (35") below min 37" for jeep 8" lift; Tire size 35x13.50R20 (35") below min 37" for jeep 8" lift","","","62","","35","37","35x12.50R20 | 35x13.50R20 | 37x12.50R20 | 37x13.50R20",""
"2023 Ford Bronco Badlands","jeep","standard-fitment","PASS","","","24","","6x139.7","","","","dbFirst"
"2023 Ford Bronco Badlands","jeep","standard-tires","PASS","","","","100","","","","",""
"2023 Ford Bronco Badlands","jeep","package","PASS","","","","","","","","",""
"2023 Ford Bronco Badlands","jeep","lifted-2in","PASS","","","","21","","33","33","33x12.50R20 | 33x13.50R20",""
"2023 Ford Bronco Badlands","jeep","lifted-4in","FAIL","Tire size 34x12.50R20 (34") below min 35" for jeep 4" lift; Tire size 34x13.50R20 (34") below min 35" for jeep 4" lift","","","29","","34","35","35x12.50R20 | 35x13.50R20 | 34x12.50R20 | 34x13.50R20",""
"2023 Ford Bronco Badlands","jeep","lifted-6in","FAIL","Tire size 35x12.50R20 (35") below min 37" for jeep 6" lift; Tire size 35x13.50R20 (35") below min 37" for jeep 6" lift","","","62","","35","37","35x12.50R20 | 35x13.50R20 | 37x12.50R20 | 37x13.50R20",""
"2023 Ford Bronco Badlands","jeep","lifted-8in","FAIL","Tire size 35x12.50R20 (35") below min 37" for jeep 8" lift; Tire size 35x13.50R20 (35") below min 37" for jeep 8" lift","","","62","","35","37","35x12.50R20 | 35x13.50R20 | 37x12.50R20 | 37x13.50R20",""
"2022 Ford Bronco Raptor","jeep","standard-fitment","PASS","","","24","","6x139.7","","","","dbFirst"
"2022 Ford Bronco Raptor","jeep","standard-tires","FAIL","No tire results for standard search","","","","","","","",""
"2022 Ford Bronco Raptor","jeep","package","PASS","","","","","","","","",""
"2022 Ford Bronco Raptor","jeep","lifted-2in","PASS","","","","21","","33","33","33x12.50R20 | 33x13.50R20",""
"2022 Ford Bronco Raptor","jeep","lifted-4in","FAIL","Tire size 34x12.50R20 (34") below min 35" for jeep 4" lift; Tire size 34x13.50R20 (34") below min 35" for jeep 4" lift","","","29","","34","35","35x12.50R20 | 35x13.50R20 | 34x12.50R20 | 34x13.50R20",""
"2022 Ford Bronco Raptor","jeep","lifted-6in","FAIL","Tire size 35x12.50R20 (35") below min 37" for jeep 6" lift; Tire size 35x13.50R20 (35") below min 37" for jeep 6" lift","","","62","","35","37","35x12.50R20 | 35x13.50R20 | 37x12.50R20 | 37x13.50R20",""
"2022 Ford Bronco Raptor","jeep","lifted-8in","FAIL","Tire size 35x12.50R20 (35") below min 37" for jeep 8" lift; Tire size 35x13.50R20 (35") below min 37" for jeep 8" lift","","","62","","35","37","35x12.50R20 | 35x13.50R20 | 37x12.50R20 | 37x13.50R20",""
"2024 Chevrolet Tahoe LT","suv","standard-fitment","PASS","","","24","","6x139.7","","","","dbFirst"
"2024 Chevrolet Tahoe LT","suv","standard-tires","PASS","","","","100","","","","",""
"2024 Chevrolet Tahoe LT","suv","package","PASS","","","","","","","","",""
"2024 Chevrolet Tahoe LT","suv","lifted-2in","PASS","","","","100","","33","33","275/60R20",""
"2024 Chevrolet Tahoe LT","suv","lifted-4in","PASS","","","","29","","34","35","35x12.50R20 | 35x13.50R20 | 34x12.50R20 | 34x13.50R20",""
"2024 Chevrolet Tahoe LT","suv","lifted-6in","PASS","","","","62","","35","37","35x12.50R20 | 35x13.50R20 | 37x12.50R20 | 37x13.50R20",""
"2024 Chevrolet Tahoe LT","suv","lifted-8in","PASS","","","","62","","35","37","35x12.50R20 | 35x13.50R20 | 37x12.50R20 | 37x13.50R20",""
"2023 Chevrolet Suburban Premier","suv","standard-fitment","PASS","","","24","","6x139.7","","","","dbFirst"
"2023 Chevrolet Suburban Premier","suv","standard-tires","PASS","","","","100","","","","",""
"2023 Chevrolet Suburban Premier","suv","package","PASS","","","","","","","","",""
"2023 Chevrolet Suburban Premier","suv","lifted-2in","PASS","","","","100","","33","33","275/60R20",""
"2023 Chevrolet Suburban Premier","suv","lifted-4in","PASS","","","","29","","34","35","35x12.50R20 | 35x13.50R20 | 34x12.50R20 | 34x13.50R20",""
"2023 Chevrolet Suburban Premier","suv","lifted-6in","PASS","","","","34","","35","37","35x12.50R20 | 37x12.50R20",""
"2023 Chevrolet Suburban Premier","suv","lifted-8in","PASS","","","","34","","35","37","35x12.50R20 | 37x12.50R20",""
"2024 GMC Yukon SLT","suv","standard-fitment","PASS","","","24","","6x139.7","","","","dbFirst"
"2024 GMC Yukon SLT","suv","standard-tires","PASS","","","","100","","","","",""
"2024 GMC Yukon SLT","suv","package","PASS","","","","","","","","",""
"2024 GMC Yukon SLT","suv","lifted-2in","PASS","","","","100","","33","33","275/60R20",""
"2024 GMC Yukon SLT","suv","lifted-4in","PASS","","","","29","","34","35","35x12.50R20 | 35x13.50R20 | 34x12.50R20 | 34x13.50R20",""
"2024 GMC Yukon SLT","suv","lifted-6in","PASS","","","","62","","35","37","35x12.50R20 | 35x13.50R20 | 37x12.50R20 | 37x13.50R20",""
"2024 GMC Yukon SLT","suv","lifted-8in","PASS","","","","62","","35","37","35x12.50R20 | 35x13.50R20 | 37x12.50R20 | 37x13.50R20",""
"2024 Ford Expedition XLT","suv","standard-fitment","PASS","","","24","","6x135","","","","dbFirst"
"2024 Ford Expedition XLT","suv","standard-tires","PASS","","","","100","","","","",""
"2024 Ford Expedition XLT","suv","package","PASS","","","","","","","","",""
"2024 Ford Expedition XLT","suv","lifted-2in","PASS","","","","100","","33","33","275/60R20",""
"2024 Ford Expedition XLT","suv","lifted-4in","PASS","","","","16","","34","35","295/65R20",""
"2024 Ford Expedition XLT","suv","lifted-6in","PASS","","","","34","","35","37","35x12.50R20 | 37x12.50R20",""
"2024 Ford Expedition XLT","suv","lifted-8in","PASS","","","","34","","35","37","35x12.50R20 | 37x12.50R20",""
"2023 Ford Expedition Limited","suv","standard-fitment","PASS","","","24","","6x135","","","","dbFirst"
"2023 Ford Expedition Limited","suv","standard-tires","PASS","","","","100","","","","",""
"2023 Ford Expedition Limited","suv","package","PASS","","","","","","","","",""
"2023 Ford Expedition Limited","suv","lifted-2in","PASS","","","","100","","33","33","275/60R20",""
"2023 Ford Expedition Limited","suv","lifted-4in","PASS","","","","16","","34","35","295/65R20",""
"2023 Ford Expedition Limited","suv","lifted-6in","PASS","","","","34","","35","37","35x12.50R20 | 37x12.50R20",""
"2023 Ford Expedition Limited","suv","lifted-8in","PASS","","","","34","","35","37","35x12.50R20 | 37x12.50R20",""
"2024 Toyota Sequoia SR5","suv","standard-fitment","PASS","","","24","","6x139.7","","","","dbFirst"
"2024 Toyota Sequoia SR5","suv","standard-tires","FAIL","No tire results for standard search","","","","","","","",""
"2024 Toyota Sequoia SR5","suv","package","PASS","","","","","","","","",""
"2024 Toyota Sequoia SR5","suv","lifted-2in","PASS","","","","100","","33","33","275/60R20",""
"2024 Toyota Sequoia SR5","suv","lifted-4in","PASS","","","","29","","34","35","35x12.50R20 | 35x13.50R20 | 34x12.50R20 | 34x13.50R20",""
"2024 Toyota Sequoia SR5","suv","lifted-6in","PASS","","","","17","","35","37","35x12.50R20",""
"2024 Toyota Sequoia SR5","suv","lifted-8in","PASS","","","","17","","35","37","35x12.50R20",""
"2024 Cadillac Escalade Premium Luxury","suv","standard-fitment","PASS","","","24","","6x139.7","","","","dbFirst"
"2024 Cadillac Escalade Premium Luxury","suv","standard-tires","PASS","","","","100","","","","",""
"2024 Cadillac Escalade Premium Luxury","suv","package","PASS","","","","","","","","",""
"2024 Cadillac Escalade Premium Luxury","suv","lifted-2in","FAIL","Tire size 32x12.50R20 (32") below min 33" for suv 2" lift; Tire size 32x13.50R20 (32") below min 33" for suv 2" lift","","","21","","32","33","33x12.50R20 | 33x13.50R20 | 32x12.50R20 | 32x13.50R20",""
"2024 Cadillac Escalade Premium Luxury","suv","lifted-4in","FAIL","Tire size 33x12.50R20 (33") below min 34" for suv 4" lift; Tire size 33x13.50R20 (33") below min 34" for suv 4" lift","","","49","","33","35","35x12.50R20 | 35x13.50R20 | 33x12.50R20 | 33x13.50R20",""
"2024 Cadillac Escalade Premium Luxury","suv","lifted-6in","PASS","","","","62","","35","37","35x12.50R20 | 35x13.50R20 | 37x12.50R20 | 37x13.50R20",""
"2024 Cadillac Escalade Premium Luxury","suv","lifted-8in","PASS","","","","62","","35","37","35x12.50R20 | 35x13.50R20 | 37x12.50R20 | 37x13.50R20",""
"2024 Lincoln Navigator Reserve","suv","standard-fitment","PASS","","","24","","6x135","","","","dbFirst"
"2024 Lincoln Navigator Reserve","suv","standard-tires","PASS","","","","100","","","","",""
"2024 Lincoln Navigator Reserve","suv","package","PASS","","","","","","","","",""
"2024 Lincoln Navigator Reserve","suv","lifted-2in","FAIL","Tire size 32x12.50R20 (32") below min 33" for suv 2" lift; Tire size 32x13.50R20 (32") below min 33" for suv 2" lift","","","21","","32","33","33x12.50R20 | 33x13.50R20 | 32x12.50R20 | 32x13.50R20",""
"2024 Lincoln Navigator Reserve","suv","lifted-4in","FAIL","Tire size 33x12.50R20 (33") below min 34" for suv 4" lift; Tire size 33x13.50R20 (33") below min 34" for suv 4" lift","","","49","","33","35","35x12.50R20 | 35x13.50R20 | 33x12.50R20 | 33x13.50R20",""
"2024 Lincoln Navigator Reserve","suv","lifted-6in","PASS","","","","62","","35","37","35x12.50R20 | 35x13.50R20 | 37x12.50R20 | 37x13.50R20",""
"2024 Lincoln Navigator Reserve","suv","lifted-8in","PASS","","","","62","","35","37","35x12.50R20 | 35x13.50R20 | 37x12.50R20 | 37x13.50R20",""
"2024 Lexus LX 600","suv","standard-fitment","FAIL","Wrong bolt pattern: expected 6x139.7, got 5x150","","24","","5x150","","","","dbFirst"
"2024 Lexus LX 600","suv","standard-tires","FAIL","No tire results for standard search","","","","","","","",""
"2024 Lexus LX 600","suv","package","PASS","","No package recommendations returned","","","","","","",""
"2024 Lexus LX 600","suv","lifted-2in","FAIL","Tire size 32x12.50R20 (32") below min 33" for suv 2" lift; Tire size 32x13.50R20 (32") below min 33" for suv 2" lift","","","21","","32","33","33x12.50R20 | 33x13.50R20 | 32x12.50R20 | 32x13.50R20",""
"2024 Lexus LX 600","suv","lifted-4in","FAIL","Tire size 33x12.50R20 (33") below min 34" for suv 4" lift; Tire size 33x13.50R20 (33") below min 34" for suv 4" lift","","","49","","33","35","35x12.50R20 | 35x13.50R20 | 33x12.50R20 | 33x13.50R20",""
"2024 Lexus LX 600","suv","lifted-6in","PASS","","","","62","","35","37","35x12.50R20 | 35x13.50R20 | 37x12.50R20 | 37x13.50R20",""
"2024 Lexus LX 600","suv","lifted-8in","PASS","","","","62","","35","37","35x12.50R20 | 35x13.50R20 | 37x12.50R20 | 37x13.50R20",""
"2024 Infiniti QX80 Luxe","suv","standard-fitment","PASS","","","24","","6x139.7","","","","dbFirst"
"2024 Infiniti QX80 Luxe","suv","standard-tires","FAIL","No tire results for standard search","","","","","","","",""
"2024 Infiniti QX80 Luxe","suv","package","PASS","","","","","","","","",""
"2024 Infiniti QX80 Luxe","suv","lifted-2in","FAIL","Tire size 32x12.50R20 (32") below min 33" for suv 2" lift; Tire size 32x13.50R20 (32") below min 33" for suv 2" lift","","","21","","32","33","33x12.50R20 | 33x13.50R20 | 32x12.50R20 | 32x13.50R20",""
"2024 Infiniti QX80 Luxe","suv","lifted-4in","FAIL","Tire size 33x12.50R20 (33") below min 34" for suv 4" lift; Tire size 33x13.50R20 (33") below min 34" for suv 4" lift","","","49","","33","35","35x12.50R20 | 35x13.50R20 | 33x12.50R20 | 33x13.50R20",""
"2024 Infiniti QX80 Luxe","suv","lifted-6in","PASS","","","","62","","35","37","35x12.50R20 | 35x13.50R20 | 37x12.50R20 | 37x13.50R20",""
"2024 Infiniti QX80 Luxe","suv","lifted-8in","PASS","","","","62","","35","37","35x12.50R20 | 35x13.50R20 | 37x12.50R20 | 37x13.50R20",""